gid;Denominació / Denominación;Línies / Líneas;Id. Parada;Id. Boca;Pròximes Arribades / Próximas llegadas;proximes_llegadas;geo_shape;geo_point_2d
176;QUART DE POBLET;3,5,9;117;209;https://geoportal.valencia.es/geoportal-services/api/v1/salidas-metro.html?estacion=117&lang=es;https://geoportal.valencia.es/geoportal-services/api/v1/salidas-metro.html?estacion=117&lang=va;"{""coordinates"": [-0.4418805544578805, 39.48108673046481], ""type"": ""Point""}";39.48108673046481, -0.4418805544578805
181;MELIANA;3;7;214;https://geoportal.valencia.es/geoportal-services/api/v1/salidas-metro.html?estacion=7&lang=es;https://geoportal.valencia.es/geoportal-services/api/v1/salidas-metro.html?estacion=7&lang=va;"{""coordinates"": [-0.3518194555474534, 39.528030394143414], ""type"": ""Point""}";39.528030394143414, -0.3518194555474534
183;ALBALAT DELS SORELLS;3;5;216;https://geoportal.valencia.es/geoportal-services/api/v1/salidas-metro.html?estacion=5&lang=es;https://geoportal.valencia.es/geoportal-services/api/v1/salidas-metro.html?estacion=5&lang=va;"{""coordinates"": [-0.3482888933598654, 39.545265196813375], ""type"": ""Point""}";39.545265196813375, -0.3482888933598654
184;MUSEROS;3;4;217;https://geoportal.valencia.es/geoportal-services/api/v1/salidas-metro.html?estacion=4&lang=es;https://geoportal.valencia.es/geoportal-services/api/v1/salidas-metro.html?estacion=4&lang=va;"{""coordinates"": [-0.34085556813197027, 39.56157684199353], ""type"": ""Point""}";39.56157684199353, -0.34085556813197027
187;RAFELBUNYOL;3;1;220;https://geoportal.valencia.es/geoportal-services/api/v1/salidas-metro.html?estacion=1&lang=es;https://geoportal.valencia.es/geoportal-services/api/v1/salidas-metro.html?estacion=1&lang=va;"{""coordinates"": [-0.33105832383704287, 39.588523863986794], ""type"": ""Point""}";39.588523863986794, -0.33105832383704287
20;Á. GIMERÁ;1,3,5,9;17;5;https://geoportal.valencia.es/geoportal-services/api/v1/salidas-metro.html?estacion=17&lang=es;https://geoportal.valencia.es/geoportal-services/api/v1/salidas-metro.html?estacion=17&lang=va;"{""coordinates"": [-0.38678046582497916, 39.469891380764906], ""type"": ""Point""}";39.469891380764906, -0.38678046582497916
22;Á. GIMERÁ;1,3,5,9;17;3;https://geoportal.valencia.es/geoportal-services/api/v1/salidas-metro.html?estacion=17&lang=es;https://geoportal.valencia.es/geoportal-services/api/v1/salidas-metro.html?estacion=17&lang=va;"{""coordinates"": [-0.38410946248914607, 39.46959137449779], ""type"": ""Point""}";39.46959137449779, -0.38410946248914607
23;Á. GIMERÁ;1,3,5,9;17;2;https://geoportal.valencia.es/geoportal-services/api/v1/salidas-metro.html?estacion=17&lang=es;https://geoportal.valencia.es/geoportal-services/api/v1/salidas-metro.html?estacion=17&lang=va;"{""coordinates"": [-0.3848934633087676, 39.46969138066572], ""type"": ""Point""}";39.46969138066572, -0.3848934633087676
8;ARAGÓN;5,7;24;17;https://geoportal.valencia.es/geoportal-services/api/v1/salidas-metro.html?estacion=24&lang=es;https://geoportal.valencia.es/geoportal-services/api/v1/salidas-metro.html?estacion=24&lang=va;"{""coordinates"": [-0.3591059907922196, 39.472948462539804], ""type"": ""Point""}";39.472948462539804, -0.3591059907922196
1;SANT ISIDRE;1,3,7;28;94;https://geoportal.valencia.es/geoportal-services/api/v1/salidas-metro.html?estacion=28&lang=es;https://geoportal.valencia.es/geoportal-services/api/v1/salidas-metro.html?estacion=28&lang=va;"{""coordinates"": [-0.4025378538438522, 39.45107503760934], ""type"": ""Point""}";39.45107503760934, -0.4025378538438522
6;AMISTAT;5,7;23;11;https://geoportal.valencia.es/geoportal-services/api/v1/salidas-metro.html?estacion=23&lang=es;https://geoportal.valencia.es/geoportal-services/api/v1/salidas-metro.html?estacion=23&lang=va;"{""coordinates"": [-0.3518176379178333, 39.47074908629906], ""type"": ""Point""}";39.47074908629906, -0.3518176379178333
14;AV. DEL CID;3,5,9;18;21;https://geoportal.valencia.es/geoportal-services/api/v1/salidas-metro.html?estacion=18&lang=es;https://geoportal.valencia.es/geoportal-services/api/v1/salidas-metro.html?estacion=18&lang=va;"{""coordinates"": [-0.3976203568668638, 39.46817104551758], ""type"": ""Point""}";39.46817104551758, -0.3976203568668638
17;AV. DEL CID;3,5,9;18;18;https://geoportal.valencia.es/geoportal-services/api/v1/salidas-metro.html?estacion=18&lang=es;https://geoportal.valencia.es/geoportal-services/api/v1/salidas-metro.html?estacion=18&lang=va;"{""coordinates"": [-0.40003437911579415, 39.469063893575075], ""type"": ""Point""}";39.469063893575075, -0.40003437911579415
19;AYORA;5,7;22;22;https://geoportal.valencia.es/geoportal-services/api/v1/salidas-metro.html?estacion=22&lang=es;https://geoportal.valencia.es/geoportal-services/api/v1/salidas-metro.html?estacion=22&lang=va;"{""coordinates"": [-0.3433854686585752, 39.46812532076173], ""type"": ""Point""}";39.46812532076173, -0.3433854686585752
29;BENIFERRI;1;54;28;https://geoportal.valencia.es/geoportal-services/api/v1/salidas-metro.html?estacion=54&lang=es;https://geoportal.valencia.es/geoportal-services/api/v1/salidas-metro.html?estacion=54&lang=va;"{""coordinates"": [-0.40024648892605286, 39.49056320323133], ""type"": ""Point""}";39.49056320323133, -0.40024648892605286
36;CAMPANAR - LA FE;1;53;37;https://geoportal.valencia.es/geoportal-services/api/v1/salidas-metro.html?estacion=53&lang=es;https://geoportal.valencia.es/geoportal-services/api/v1/salidas-metro.html?estacion=53&lang=va;"{""coordinates"": [-0.3947573707605449, 39.48455468798771], ""type"": ""Point""}";39.48455468798771, -0.3947573707605449
46;HOSPITAL;1,3,7;27;59;https://geoportal.valencia.es/geoportal-services/api/v1/salidas-metro.html?estacion=27&lang=es;https://geoportal.valencia.es/geoportal-services/api/v1/salidas-metro.html?estacion=27&lang=va;"{""coordinates"": [-0.3992702804664267, 39.45395177721097], ""type"": ""Point""}";39.45395177721097, -0.3992702804664267
47;HOSPITAL;1,3,7;27;60;https://geoportal.valencia.es/geoportal-services/api/v1/salidas-metro.html?estacion=27&lang=es;https://geoportal.valencia.es/geoportal-services/api/v1/salidas-metro.html?estacion=27&lang=va;"{""coordinates"": [-0.3991377497348681, 39.4538125076565], ""type"": ""Point""}";39.4538125076565, -0.3991377497348681
54;MARITIM - SERRERIA;5,6,7,9;115;72;https://geoportal.valencia.es/geoportal-services/api/v1/salidas-metro.html?estacion=115&lang=es;https://geoportal.valencia.es/geoportal-services/api/v1/salidas-metro.html?estacion=115&lang=va;"{""coordinates"": [-0.3377867839231029, 39.46446527318907], ""type"": ""Point""}";39.46446527318907, -0.3377867839231029
57;MISLATA;3,5,9;20;75;https://geoportal.valencia.es/geoportal-services/api/v1/salidas-metro.html?estacion=20&lang=es;https://geoportal.valencia.es/geoportal-services/api/v1/salidas-metro.html?estacion=20&lang=va;"{""coordinates"": [-0.41608268304424756, 39.47332109263378], ""type"": ""Point""}";39.47332109263378, -0.41608268304424756
58;MISLATA;3,5,9;20;74;https://geoportal.valencia.es/geoportal-services/api/v1/salidas-metro.html?estacion=20&lang=es;https://geoportal.valencia.es/geoportal-services/api/v1/salidas-metro.html?estacion=20&lang=va;"{""coordinates"": [-0.41813497502341096, 39.474023652671455], ""type"": ""Point""}";39.474023652671455, -0.41813497502341096
79;FIRA VALENCIA;1;57;52;https://geoportal.valencia.es/geoportal-services/api/v1/salidas-metro.html?estacion=57&lang=es;https://geoportal.valencia.es/geoportal-services/api/v1/salidas-metro.html?estacion=57&lang=va;"{""coordinates"": [-0.42506864553890766, 39.50434510693245], ""type"": ""Point""}";39.50434510693245, -0.42506864553890766
89;LA CARRASCA;4,6;88;122;https://geoportal.valencia.es/geoportal-services/api/v1/salidas-metro.html?estacion=88&lang=es;https://geoportal.valencia.es/geoportal-services/api/v1/salidas-metro.html?estacion=88&lang=va;"{""coordinates"": [-0.34482499991390064, 39.479660033513994], ""type"": ""Point""}";39.479660033513994, -0.34482499991390064
93;PONT DE FUSTA;4;92;126;https://geoportal.valencia.es/geoportal-services/api/v1/salidas-metro.html?estacion=92&lang=es;https://geoportal.valencia.es/geoportal-services/api/v1/salidas-metro.html?estacion=92&lang=va;"{""coordinates"": [-0.3731805678039857, 39.48178100486025], ""type"": ""Point""}";39.48178100486025, -0.3731805678039857
74;XÀTIVA;3,5,9;16;108;https://geoportal.valencia.es/geoportal-services/api/v1/salidas-metro.html?estacion=16&lang=es;https://geoportal.valencia.es/geoportal-services/api/v1/salidas-metro.html?estacion=16&lang=va;"{""coordinates"": [-0.37632536078820306, 39.4672294497781], ""type"": ""Point""}";39.4672294497781, -0.37632536078820306
83;V. ANDRÉS E.;4;104;103;https://geoportal.valencia.es/geoportal-services/api/v1/salidas-metro.html?estacion=104&lang=es;https://geoportal.valencia.es/geoportal-services/api/v1/salidas-metro.html?estacion=104&lang=va;"{""coordinates"": [-0.4198903466921565, 39.50859094643862], ""type"": ""Point""}";39.50859094643862, -0.4198903466921565
90;UNIVERSITAT POLITÈCNICA;4,6;89;123;https://geoportal.valencia.es/geoportal-services/api/v1/salidas-metro.html?estacion=89&lang=es;https://geoportal.valencia.es/geoportal-services/api/v1/salidas-metro.html?estacion=89&lang=va;"{""coordinates"": [-0.3504999879959418, 39.48131561164537], ""type"": ""Point""}";39.48131561164537, -0.3504999879959418
105;SANTA GEMMA - PARC CIENTÍFIC UV;4;113;138;https://geoportal.valencia.es/geoportal-services/api/v1/salidas-metro.html?estacion=113&lang=es;https://geoportal.valencia.es/geoportal-services/api/v1/salidas-metro.html?estacion=113&lang=va;"{""coordinates"": [-0.4226219947527445, 39.51514053254142], ""type"": ""Point""}";39.51514053254142, -0.4226219947527445
135;REALÓN;1;49;168;https://geoportal.valencia.es/geoportal-services/api/v1/salidas-metro.html?estacion=49&lang=es;https://geoportal.valencia.es/geoportal-services/api/v1/salidas-metro.html?estacion=49&lang=va;"{""coordinates"": [-0.4609111245112085, 39.40801238873747], ""type"": ""Point""}";39.40801238873747, -0.4609111245112085
115;EUGENIA VIÑES;4,6;81;148;https://geoportal.valencia.es/geoportal-services/api/v1/salidas-metro.html?estacion=81&lang=es;https://geoportal.valencia.es/geoportal-services/api/v1/salidas-metro.html?estacion=81&lang=va;"{""coordinates"": [-0.32572779030366644, 39.473690032156306], ""type"": ""Point""}";39.473690032156306, -0.32572779030366644
144;AUSIÀS MARCH;1;42;177;https://geoportal.valencia.es/geoportal-services/api/v1/salidas-metro.html?estacion=42&lang=es;https://geoportal.valencia.es/geoportal-services/api/v1/salidas-metro.html?estacion=42&lang=va;"{""coordinates"": [-0.4916388990780401, 39.25099944997115], ""type"": ""Point""}";39.25099944997115, -0.4916388990780401
31;BENIMACLET;3,4,6,9;12;30;https://geoportal.valencia.es/geoportal-services/api/v1/salidas-metro.html?estacion=12&lang=es;https://geoportal.valencia.es/geoportal-services/api/v1/salidas-metro.html?estacion=12&lang=va;"{""coordinates"": [-0.3626694312758777, 39.484861047668716], ""type"": ""Point""}";39.484861047668716, -0.3626694312758777
32;BENIMACLET;3,4,6,9;12;32;https://geoportal.valencia.es/geoportal-services/api/v1/salidas-metro.html?estacion=12&lang=es;https://geoportal.valencia.es/geoportal-services/api/v1/salidas-metro.html?estacion=12&lang=va;"{""coordinates"": [-0.36206017157588705, 39.48464913237408], ""type"": ""Point""}";39.48464913237408, -0.36206017157588705
43;FACULTATS;3,9;13;49;https://geoportal.valencia.es/geoportal-services/api/v1/salidas-metro.html?estacion=13&lang=es;https://geoportal.valencia.es/geoportal-services/api/v1/salidas-metro.html?estacion=13&lang=va;"{""coordinates"": [-0.3617624121644182, 39.477691258111506], ""type"": ""Point""}";39.477691258111506, -0.3617624121644182
5;ALAMEDA;3,5,7,9;14;9;https://geoportal.valencia.es/geoportal-services/api/v1/salidas-metro.html?estacion=14&lang=es;https://geoportal.valencia.es/geoportal-services/api/v1/salidas-metro.html?estacion=14&lang=va;"{""coordinates"": [-0.3666304410996474, 39.47259129464475], ""type"": ""Point""}";39.47259129464475, -0.3666304410996474
3;ALAMEDA;3,5,7,9;14;7;https://geoportal.valencia.es/geoportal-services/api/v1/salidas-metro.html?estacion=14&lang=es;https://geoportal.valencia.es/geoportal-services/api/v1/salidas-metro.html?estacion=14&lang=va;"{""coordinates"": [-0.36519640408577575, 39.47325933101746], ""type"": ""Point""}";39.47325933101746, -0.36519640408577575
101;PALAU DE CONGRESSOS;4;100;134;https://geoportal.valencia.es/geoportal-services/api/v1/salidas-metro.html?estacion=100&lang=es;https://geoportal.valencia.es/geoportal-services/api/v1/salidas-metro.html?estacion=100&lang=va;"{""coordinates"": [-0.4001416568645671, 39.497180938206284], ""type"": ""Point""}";39.497180938206284, -0.4001416568645671
103;LA MARINA;4,6;84;136;https://geoportal.valencia.es/geoportal-services/api/v1/salidas-metro.html?estacion=84&lang=es;https://geoportal.valencia.es/geoportal-services/api/v1/salidas-metro.html?estacion=84&lang=va;"{""coordinates"": [-0.3275833424754828, 39.472854613277526], ""type"": ""Point""}";39.472854613277526, -0.3275833424754828
108;ALFAUIR;6;128;141;https://geoportal.valencia.es/geoportal-services/api/v1/salidas-metro.html?estacion=128&lang=es;https://geoportal.valencia.es/geoportal-services/api/v1/salidas-metro.html?estacion=128&lang=va;"{""coordinates"": [-0.3660329874005219, 39.48929977331076], ""type"": ""Point""}";39.48929977331076, -0.3660329874005219
109;ORRIOLS;6;129;142;https://geoportal.valencia.es/geoportal-services/api/v1/salidas-metro.html?estacion=129&lang=es;https://geoportal.valencia.es/geoportal-services/api/v1/salidas-metro.html?estacion=129&lang=va;"{""coordinates"": [-0.36766362131509717, 39.493148802958515], ""type"": ""Point""}";39.493148802958515, -0.36766362131509717
119;LL. LLARGA - TERRAMELAR;4;114;152;https://geoportal.valencia.es/geoportal-services/api/v1/salidas-metro.html?estacion=114&lang=es;https://geoportal.valencia.es/geoportal-services/api/v1/salidas-metro.html?estacion=114&lang=va;"{""coordinates"": [-0.4304472212902087, 39.509899138604595], ""type"": ""Point""}";39.509899138604595, -0.4304472212902087
122;BURJASSOT - GODELLA;1;73;155;https://geoportal.valencia.es/geoportal-services/api/v1/salidas-metro.html?estacion=73&lang=es;https://geoportal.valencia.es/geoportal-services/api/v1/salidas-metro.html?estacion=73&lang=va;"{""coordinates"": [-0.41199722851058995, 39.5135307306062], ""type"": ""Point""}";39.5135307306062, -0.41199722851058995
132;PAIPORTA;1,3,7;31;165;https://geoportal.valencia.es/geoportal-services/api/v1/salidas-metro.html?estacion=31&lang=es;https://geoportal.valencia.es/geoportal-services/api/v1/salidas-metro.html?estacion=31&lang=va;"{""coordinates"": [-0.41806110771068344, 39.432262419829286], ""type"": ""Point""}";39.432262419829286, -0.41806110771068344
147;ESPIOCA;1;45;180;https://geoportal.valencia.es/geoportal-services/api/v1/salidas-metro.html?estacion=45&lang=es;https://geoportal.valencia.es/geoportal-services/api/v1/salidas-metro.html?estacion=45&lang=va;"{""coordinates"": [-0.4667472243930674, 39.32188415400876], ""type"": ""Point""}";39.32188415400876, -0.4667472243930674
153;LES CAROLINES/FIRA;1;58;186;https://geoportal.valencia.es/geoportal-services/api/v1/salidas-metro.html?estacion=58&lang=es;https://geoportal.valencia.es/geoportal-services/api/v1/salidas-metro.html?estacion=58&lang=va;"{""coordinates"": [-0.42541945005742393, 39.49873733455265], ""type"": ""Point""}";39.49873733455265, -0.42541945005742393
156;SANTA RITA;1;61;189;https://geoportal.valencia.es/geoportal-services/api/v1/salidas-metro.html?estacion=61&lang=es;https://geoportal.valencia.es/geoportal-services/api/v1/salidas-metro.html?estacion=61&lang=va;"{""coordinates"": [-0.4551055426515671, 39.50565719489025], ""type"": ""Point""}";39.50565719489025, -0.4551055426515671
170;MASIA DE TRAVER;9;185;203;https://geoportal.valencia.es/geoportal-services/api/v1/salidas-metro.html?estacion=185&lang=es;https://geoportal.valencia.es/geoportal-services/api/v1/salidas-metro.html?estacion=185&lang=va;"{""coordinates"": [-0.5466666815805376, 39.53805541939142], ""type"": ""Point""}";39.53805541939142, -0.5466666815805376
174;MANISES;3,5,9;119;207;https://geoportal.valencia.es/geoportal-services/api/v1/salidas-metro.html?estacion=119&lang=es;https://geoportal.valencia.es/geoportal-services/api/v1/salidas-metro.html?estacion=119&lang=va;"{""coordinates"": [-0.4590654368536673, 39.48958969051481], ""type"": ""Point""}";39.48958969051481, -0.4590654368536673
175;SALT DE L'AIGUA;3,5,9;118;208;https://geoportal.valencia.es/geoportal-services/api/v1/salidas-metro.html?estacion=118&lang=es;https://geoportal.valencia.es/geoportal-services/api/v1/salidas-metro.html?estacion=118&lang=va;"{""coordinates"": [-0.45056819956151195, 39.48483276281572], ""type"": ""Point""}";39.48483276281572, -0.45056819956151195
186;LA POBLA DE FARNALS;3;2;219;https://geoportal.valencia.es/geoportal-services/api/v1/salidas-metro.html?estacion=2&lang=es;https://geoportal.valencia.es/geoportal-services/api/v1/salidas-metro.html?estacion=2&lang=va;"{""coordinates"": [-0.3304361101364986, 39.579418181104316], ""type"": ""Point""}";39.579418181104316, -0.3304361101364986
37;CAMPANAR - LA FE;1;53;36;https://geoportal.valencia.es/geoportal-services/api/v1/salidas-metro.html?estacion=53&lang=es;https://geoportal.valencia.es/geoportal-services/api/v1/salidas-metro.html?estacion=53&lang=va;"{""coordinates"": [-0.3954371945133958, 39.48422330940932], ""type"": ""Point""}";39.48422330940932, -0.3954371945133958
96;MARXALENES;4;95;129;https://geoportal.valencia.es/geoportal-services/api/v1/salidas-metro.html?estacion=95&lang=es;https://geoportal.valencia.es/geoportal-services/api/v1/salidas-metro.html?estacion=95&lang=va;"{""coordinates"": [-0.384402781578916, 39.48854064826098], ""type"": ""Point""}";39.48854064826098, -0.384402781578916
25;BAILÓN;3,7;109;24;https://geoportal.valencia.es/geoportal-services/api/v1/salidas-metro.html?estacion=109&lang=es;https://geoportal.valencia.es/geoportal-services/api/v1/salidas-metro.html?estacion=109&lang=va;"{""coordinates"": [-0.3790758588440543, 39.46387732970273], ""type"": ""Point""}";39.46387732970273, -0.3790758588440543
40;COLÓN;3,5,7,9;15;41;https://geoportal.valencia.es/geoportal-services/api/v1/salidas-metro.html?estacion=15&lang=es;https://geoportal.valencia.es/geoportal-services/api/v1/salidas-metro.html?estacion=15&lang=va;"{""coordinates"": [-0.370807808289511, 39.470271514700045], ""type"": ""Point""}";39.470271514700045, -0.370807808289511
137;VILLANUEVA DE CASTELLÓN;1;35;170;https://geoportal.valencia.es/geoportal-services/api/v1/salidas-metro.html?estacion=35&lang=es;https://geoportal.valencia.es/geoportal-services/api/v1/salidas-metro.html?estacion=35&lang=va;"{""coordinates"": [-0.5160138606747439, 39.08400726200719], ""type"": ""Point""}";39.08400726200719, -0.5160138606747439
34;BENIMACLET;3,4,6,9;12;34;https://geoportal.valencia.es/geoportal-services/api/v1/salidas-metro.html?estacion=12&lang=es;https://geoportal.valencia.es/geoportal-services/api/v1/salidas-metro.html?estacion=12&lang=va;"{""coordinates"": [-0.3616509097550896, 39.48581539800381], ""type"": ""Point""}";39.48581539800381, -0.3616509097550896
112;FRANCISCO CUBELLS;5,6,9;122;145;https://geoportal.valencia.es/geoportal-services/api/v1/salidas-metro.html?estacion=122&lang=es;https://geoportal.valencia.es/geoportal-services/api/v1/salidas-metro.html?estacion=122&lang=va;"{""coordinates"": [-0.33397299106717426, 39.463245390702866], ""type"": ""Point""}";39.463245390702866, -0.33397299106717426
120;MARINA REIAL JOAN CARLES I;5;126;153;https://geoportal.valencia.es/geoportal-services/api/v1/salidas-metro.html?estacion=126&lang=es;https://geoportal.valencia.es/geoportal-services/api/v1/salidas-metro.html?estacion=126&lang=va;"{""coordinates"": [-0.3258508441839875, 39.46325302065733], ""type"": ""Point""}";39.46325302065733, -0.3258508441839875
182;FOIOS;3;6;215;https://geoportal.valencia.es/geoportal-services/api/v1/salidas-metro.html?estacion=6&lang=es;https://geoportal.valencia.es/geoportal-services/api/v1/salidas-metro.html?estacion=6&lang=va;"{""coordinates"": [-0.353869438543834, 39.5372238152284], ""type"": ""Point""}";39.5372238152284, -0.353869438543834
11;ARAGÓN;5,7;24;13;https://geoportal.valencia.es/geoportal-services/api/v1/salidas-metro.html?estacion=24&lang=es;https://geoportal.valencia.es/geoportal-services/api/v1/salidas-metro.html?estacion=24&lang=va;"{""coordinates"": [-0.3577954459515307, 39.47269126027633], ""type"": ""Point""}";39.47269126027633, -0.3577954459515307
15;AV. DEL CID;3,5,9;18;19;https://geoportal.valencia.es/geoportal-services/api/v1/salidas-metro.html?estacion=18&lang=es;https://geoportal.valencia.es/geoportal-services/api/v1/salidas-metro.html?estacion=18&lang=va;"{""coordinates"": [-0.4001147916717975, 39.4686460557692], ""type"": ""Point""}";39.4686460557692, -0.4001147916717975
35;CAMPANAR - LA FE;1;53;39;https://geoportal.valencia.es/geoportal-services/api/v1/salidas-metro.html?estacion=53&lang=es;https://geoportal.valencia.es/geoportal-services/api/v1/salidas-metro.html?estacion=53&lang=va;"{""coordinates"": [-0.39455036642331126, 39.482984605471806], ""type"": ""Point""}";39.482984605471806, -0.39455036642331126
38;CAMPANAR - LA FE;1;53;38;https://geoportal.valencia.es/geoportal-services/api/v1/salidas-metro.html?estacion=53&lang=es;https://geoportal.valencia.es/geoportal-services/api/v1/salidas-metro.html?estacion=53&lang=va;"{""coordinates"": [-0.3936281272626264, 39.48294402140486], ""type"": ""Point""}";39.48294402140486, -0.3936281272626264
50;MACHADO;3,9;11;71;https://geoportal.valencia.es/geoportal-services/api/v1/salidas-metro.html?estacion=11&lang=es;https://geoportal.valencia.es/geoportal-services/api/v1/salidas-metro.html?estacion=11&lang=va;"{""coordinates"": [-0.3588057048466676, 39.491628183068336], ""type"": ""Point""}";39.491628183068336, -0.3588057048466676
51;MACHADO;3,9;11;68;https://geoportal.valencia.es/geoportal-services/api/v1/salidas-metro.html?estacion=11&lang=es;https://geoportal.valencia.es/geoportal-services/api/v1/salidas-metro.html?estacion=11&lang=va;"{""coordinates"": [-0.3580376602575547, 39.492744945571346], ""type"": ""Point""}";39.492744945571346, -0.3580376602575547
55;MISLATA - ALMASSIL;3,5,9;21;77;https://geoportal.valencia.es/geoportal-services/api/v1/salidas-metro.html?estacion=21&lang=es;https://geoportal.valencia.es/geoportal-services/api/v1/salidas-metro.html?estacion=21&lang=va;"{""coordinates"": [-0.42376034664602213, 39.47582838999347], ""type"": ""Point""}";39.47582838999347, -0.42376034664602213
62;NOU D'OCTUBRE;3,5,9;19;79;https://geoportal.valencia.es/geoportal-services/api/v1/salidas-metro.html?estacion=19&lang=es;https://geoportal.valencia.es/geoportal-services/api/v1/salidas-metro.html?estacion=19&lang=va;"{""coordinates"": [-0.40612707861460623, 39.470408105297736], ""type"": ""Point""}";39.470408105297736, -0.40612707861460623
63;PALMARET;3,9;10;84;https://geoportal.valencia.es/geoportal-services/api/v1/salidas-metro.html?estacion=10&lang=es;https://geoportal.valencia.es/geoportal-services/api/v1/salidas-metro.html?estacion=10&lang=va;"{""coordinates"": [-0.3552060533377149, 39.49576459415243], ""type"": ""Point""}";39.49576459415243, -0.3552060533377149
66;PL. ESPANYA;1;51;88;https://geoportal.valencia.es/geoportal-services/api/v1/salidas-metro.html?estacion=51&lang=es;https://geoportal.valencia.es/geoportal-services/api/v1/salidas-metro.html?estacion=51&lang=va;"{""coordinates"": [-0.3820898894124665, 39.46574865099752], ""type"": ""Point""}";39.46574865099752, -0.3820898894124665
67;PL. ESPANYA;1;51;87;https://geoportal.valencia.es/geoportal-services/api/v1/salidas-metro.html?estacion=51&lang=es;https://geoportal.valencia.es/geoportal-services/api/v1/salidas-metro.html?estacion=51&lang=va;"{""coordinates"": [-0.38157177623086064, 39.46620247730024], ""type"": ""Point""}";39.46620247730024, -0.38157177623086064
75;CAMPUS;4;103;40;https://geoportal.valencia.es/geoportal-services/api/v1/salidas-metro.html?estacion=103&lang=es;https://geoportal.valencia.es/geoportal-services/api/v1/salidas-metro.html?estacion=103&lang=va;"{""coordinates"": [-0.4173298565949203, 39.50709023899413], ""type"": ""Point""}";39.50709023899413, -0.4173298565949203
78;EMPALME;1,4;55;45;https://geoportal.valencia.es/geoportal-services/api/v1/salidas-metro.html?estacion=55&lang=es;https://geoportal.valencia.es/geoportal-services/api/v1/salidas-metro.html?estacion=55&lang=va;"{""coordinates"": [-0.40281755282126214, 39.50014599546489], ""type"": ""Point""}";39.50014599546489, -0.40281755282126214
82;TVV;4;105;101;https://geoportal.valencia.es/geoportal-services/api/v1/salidas-metro.html?estacion=105&lang=es;https://geoportal.valencia.es/geoportal-services/api/v1/salidas-metro.html?estacion=105&lang=va;"{""coordinates"": [-0.42434613877023275, 39.51223269375866], ""type"": ""Point""}";39.51223269375866, -0.42434613877023275
88;TARONGERS;4,6;87;121;https://geoportal.valencia.es/geoportal-services/api/v1/salidas-metro.html?estacion=87&lang=es;https://geoportal.valencia.es/geoportal-services/api/v1/salidas-metro.html?estacion=87&lang=va;"{""coordinates"": [-0.33962222880790927, 39.47813796876678], ""type"": ""Point""}";39.47813796876678, -0.33962222880790927
92;PRIMADO REIG;4,6;91;125;https://geoportal.valencia.es/geoportal-services/api/v1/salidas-metro.html?estacion=91&lang=es;https://geoportal.valencia.es/geoportal-services/api/v1/salidas-metro.html?estacion=91&lang=va;"{""coordinates"": [-0.36776387665347965, 39.48627090384431], ""type"": ""Point""}";39.48627090384431, -0.36776387665347965
94;SAGUNT;4;93;127;https://geoportal.valencia.es/geoportal-services/api/v1/salidas-metro.html?estacion=93&lang=es;https://geoportal.valencia.es/geoportal-services/api/v1/salidas-metro.html?estacion=93&lang=va;"{""coordinates"": [-0.3749722241827055, 39.48649978537059], ""type"": ""Point""}";39.48649978537059, -0.3749722241827055
95;REUS;4;94;128;https://geoportal.valencia.es/geoportal-services/api/v1/salidas-metro.html?estacion=94&lang=es;https://geoportal.valencia.es/geoportal-services/api/v1/salidas-metro.html?estacion=94&lang=va;"{""coordinates"": [-0.379147231475554, 39.48617935068423], ""type"": ""Point""}";39.48617935068423, -0.379147231475554
26;BAILÓN;3,7;109;26;https://geoportal.valencia.es/geoportal-services/api/v1/salidas-metro.html?estacion=109&lang=es;https://geoportal.valencia.es/geoportal-services/api/v1/salidas-metro.html?estacion=109&lang=va;"{""coordinates"": [-0.37982815991546465, 39.462442533321486], ""type"": ""Point""}";39.462442533321486, -0.37982815991546465
84;BAILÓN;3,7;109;116;https://geoportal.valencia.es/geoportal-services/api/v1/salidas-metro.html?estacion=109&lang=es;https://geoportal.valencia.es/geoportal-services/api/v1/salidas-metro.html?estacion=109&lang=va;"{""coordinates"": [-0.37961669470928994, 39.463161501891385], ""type"": ""Point""}";39.463161501891385, -0.37961669470928994
85;BAILÓN;3,7;109;117;https://geoportal.valencia.es/geoportal-services/api/v1/salidas-metro.html?estacion=109&lang=es;https://geoportal.valencia.es/geoportal-services/api/v1/salidas-metro.html?estacion=109&lang=va;"{""coordinates"": [-0.37934703872072717, 39.463098854323114], ""type"": ""Point""}";39.463098854323114, -0.37934703872072717
49;JOAQUÍN SOROLLA;1,3,7;25;62;https://geoportal.valencia.es/geoportal-services/api/v1/salidas-metro.html?estacion=25&lang=es;https://geoportal.valencia.es/geoportal-services/api/v1/salidas-metro.html?estacion=25&lang=va;"{""coordinates"": [-0.38492206555335057, 39.45953575711037], ""type"": ""Point""}";39.45953575711037, -0.38492206555335057
68;TÚRIA;1;52;99;https://geoportal.valencia.es/geoportal-services/api/v1/salidas-metro.html?estacion=52&lang=es;https://geoportal.valencia.es/geoportal-services/api/v1/salidas-metro.html?estacion=52&lang=va;"{""coordinates"": [-0.3907874416317923, 39.47917855088537], ""type"": ""Point""}";39.47917855088537, -0.3907874416317923
73;XÀTIVA;3,5,9;16;106;https://geoportal.valencia.es/geoportal-services/api/v1/salidas-metro.html?estacion=16&lang=es;https://geoportal.valencia.es/geoportal-services/api/v1/salidas-metro.html?estacion=16&lang=va;"{""coordinates"": [-0.3767647684800705, 39.467335133630534], ""type"": ""Point""}";39.467335133630534, -0.3767647684800705
97;TRÀNSITS;4;96;130;https://geoportal.valencia.es/geoportal-services/api/v1/salidas-metro.html?estacion=96&lang=es;https://geoportal.valencia.es/geoportal-services/api/v1/salidas-metro.html?estacion=96&lang=va;"{""coordinates"": [-0.38725832066842797, 39.48956298766361], ""type"": ""Point""}";39.48956298766361, -0.38725832066842797
139;MASSALAVÉS;1;37;172;https://geoportal.valencia.es/geoportal-services/api/v1/salidas-metro.html?estacion=37&lang=es;https://geoportal.valencia.es/geoportal-services/api/v1/salidas-metro.html?estacion=37&lang=va;"{""coordinates"": [-0.5187610985723993, 39.143806456525716], ""type"": ""Point""}";39.143806456525716, -0.5187610985723993
141;L'ALCÚDIA;1;39;174;https://geoportal.valencia.es/geoportal-services/api/v1/salidas-metro.html?estacion=39&lang=es;https://geoportal.valencia.es/geoportal-services/api/v1/salidas-metro.html?estacion=39&lang=va;"{""coordinates"": [-0.5102638598118828, 39.193813323008925], ""type"": ""Point""}";39.193813323008925, -0.5102638598118828
99;GARBÍ;4;98;132;https://geoportal.valencia.es/geoportal-services/api/v1/salidas-metro.html?estacion=98&lang=es;https://geoportal.valencia.es/geoportal-services/api/v1/salidas-metro.html?estacion=98&lang=va;"{""coordinates"": [-0.3945111036579247, 39.49229049580702], ""type"": ""Point""}";39.49229049580702, -0.3945111036579247
149;BÉTERA;1;107;182;https://geoportal.valencia.es/geoportal-services/api/v1/salidas-metro.html?estacion=107&lang=es;https://geoportal.valencia.es/geoportal-services/api/v1/salidas-metro.html?estacion=107&lang=va;"{""coordinates"": [-0.4575305580540359, 39.59060668859224], ""type"": ""Point""}";39.59060668859224, -0.4575305580540359
152;BENIMÀMET;1;57;185;https://geoportal.valencia.es/geoportal-services/api/v1/salidas-metro.html?estacion=57&lang=es;https://geoportal.valencia.es/geoportal-services/api/v1/salidas-metro.html?estacion=57&lang=va;"{""coordinates"": [-0.4194111224319647, 39.501876829949666], ""type"": ""Point""}";39.501876829949666, -0.4194111224319647
178;ALBORAYA-PERIS ARAGÓ;3,9;9;211;https://geoportal.valencia.es/geoportal-services/api/v1/salidas-metro.html?estacion=9&lang=es;https://geoportal.valencia.es/geoportal-services/api/v1/salidas-metro.html?estacion=9&lang=va;"{""coordinates"": [-0.35252776744511094, 39.50059127741352], ""type"": ""Point""}";39.50059127741352, -0.35252776744511094
45;FACULTATS;3,9;13;51;https://geoportal.valencia.es/geoportal-services/api/v1/salidas-metro.html?estacion=13&lang=es;https://geoportal.valencia.es/geoportal-services/api/v1/salidas-metro.html?estacion=13&lang=va;"{""coordinates"": [-0.3613964096350411, 39.47839124969816], ""type"": ""Point""}";39.47839124969816, -0.3613964096350411
4;ALAMEDA;3,5,7,9;14;8;https://geoportal.valencia.es/geoportal-services/api/v1/salidas-metro.html?estacion=14&lang=es;https://geoportal.valencia.es/geoportal-services/api/v1/salidas-metro.html?estacion=14&lang=va;"{""coordinates"": [-0.36688944543348145, 39.47289129036754], ""type"": ""Point""}";39.47289129036754, -0.36688944543348145
102;DR. LLUCH;4,6;83;135;https://geoportal.valencia.es/geoportal-services/api/v1/salidas-metro.html?estacion=83&lang=es;https://geoportal.valencia.es/geoportal-services/api/v1/salidas-metro.html?estacion=83&lang=va;"{""coordinates"": [-0.32815277553594935, 39.46930694516833], ""type"": ""Point""}";39.46930694516833, -0.32815277553594935
113;GRAU - CANYAMELAR;5,6,9;123;146;https://geoportal.valencia.es/geoportal-services/api/v1/salidas-metro.html?estacion=123&lang=es;https://geoportal.valencia.es/geoportal-services/api/v1/salidas-metro.html?estacion=123&lang=va;"{""coordinates"": [-0.3294720058812783, 39.463100432711826], ""type"": ""Point""}";39.463100432711826, -0.3294720058812783
114;MEDITERRANI;6;127;147;https://geoportal.valencia.es/geoportal-services/api/v1/salidas-metro.html?estacion=127&lang=es;https://geoportal.valencia.es/geoportal-services/api/v1/salidas-metro.html?estacion=127&lang=va;"{""coordinates"": [-0.32730278410291314, 39.46738433730911], ""type"": ""Point""}";39.46738433730911, -0.32730278410291314
117;TOSSAL DEL REI;6;132;150;https://geoportal.valencia.es/geoportal-services/api/v1/salidas-metro.html?estacion=132&lang=es;https://geoportal.valencia.es/geoportal-services/api/v1/salidas-metro.html?estacion=132&lang=va;"{""coordinates"": [-0.3725369867353797, 39.49595260550199], ""type"": ""Point""}";39.49595260550199, -0.3725369867353797
118;MAS DEL ROSARI;4;110;151;https://geoportal.valencia.es/geoportal-services/api/v1/salidas-metro.html?estacion=110&lang=es;https://geoportal.valencia.es/geoportal-services/api/v1/salidas-metro.html?estacion=110&lang=va;"{""coordinates"": [-0.43582499063381863, 39.524959563683595], ""type"": ""Point""}";39.524959563683595, -0.43582499063381863
128;MASIES;1;79;161;https://geoportal.valencia.es/geoportal-services/api/v1/salidas-metro.html?estacion=79&lang=es;https://geoportal.valencia.es/geoportal-services/api/v1/salidas-metro.html?estacion=79&lang=va;"{""coordinates"": [-0.40537777521239793, 39.566581724900566], ""type"": ""Point""}";39.566581724900566, -0.40537777521239793
131;PICANYA;1,3,7;32;164;https://geoportal.valencia.es/geoportal-services/api/v1/salidas-metro.html?estacion=32&lang=es;https://geoportal.valencia.es/geoportal-services/api/v1/salidas-metro.html?estacion=32&lang=va;"{""coordinates"": [-0.4371583458063354, 39.43312072664251], ""type"": ""Point""}";39.43312072664251, -0.4371583458063354
142;BENIMODO;1;40;175;https://geoportal.valencia.es/geoportal-services/api/v1/salidas-metro.html?estacion=40&lang=es;https://geoportal.valencia.es/geoportal-services/api/v1/salidas-metro.html?estacion=40&lang=va;"{""coordinates"": [-0.5196194646182591, 39.21629333448216], ""type"": ""Point""}";39.21629333448216, -0.5196194646182591
143;CARLET;1;41;176;https://geoportal.valencia.es/geoportal-services/api/v1/salidas-metro.html?estacion=41&lang=es;https://geoportal.valencia.es/geoportal-services/api/v1/salidas-metro.html?estacion=41&lang=va;"{""coordinates"": [-0.5249416829880603, 39.226799010055636], ""type"": ""Point""}";39.226799010055636, -0.5249416829880603
146;FONT ALMAGUER;1;44;179;https://geoportal.valencia.es/geoportal-services/api/v1/salidas-metro.html?estacion=44&lang=es;https://geoportal.valencia.es/geoportal-services/api/v1/salidas-metro.html?estacion=44&lang=va;"{""coordinates"": [-0.4640861150711377, 39.28940582156607], ""type"": ""Point""}";39.28940582156607, -0.4640861150711377
148;OMET;1;46;181;https://geoportal.valencia.es/geoportal-services/api/v1/salidas-metro.html?estacion=46&lang=es;https://geoportal.valencia.es/geoportal-services/api/v1/salidas-metro.html?estacion=46&lang=va;"{""coordinates"": [-0.47361388782143216, 39.3550071708263], ""type"": ""Point""}";39.3550071708263, -0.47361388782143216
154;CAMPAMENT;1;59;187;https://geoportal.valencia.es/geoportal-services/api/v1/salidas-metro.html?estacion=59&lang=es;https://geoportal.valencia.es/geoportal-services/api/v1/salidas-metro.html?estacion=59&lang=va;"{""coordinates"": [-0.4353229994706807, 39.495845793647185], ""type"": ""Point""}";39.495845793647185, -0.4353229994706807
160;ENTREPINS;1;65;193;https://geoportal.valencia.es/geoportal-services/api/v1/salidas-metro.html?estacion=65&lang=es;https://geoportal.valencia.es/geoportal-services/api/v1/salidas-metro.html?estacion=65&lang=va;"{""coordinates"": [-0.5139539834128501, 39.543334960253965], ""type"": ""Point""}";39.543334960253965, -0.5139539834128501
161;EL CLOT;1;108;194;https://geoportal.valencia.es/geoportal-services/api/v1/salidas-metro.html?estacion=108&lang=es;https://geoportal.valencia.es/geoportal-services/api/v1/salidas-metro.html?estacion=108&lang=va;"{""coordinates"": [-0.5279861093914577, 39.5498657220956], ""type"": ""Point""}";39.5498657220956, -0.5279861093914577
163;L'ELIANA;1;67;196;https://geoportal.valencia.es/geoportal-services/api/v1/salidas-metro.html?estacion=67&lang=es;https://geoportal.valencia.es/geoportal-services/api/v1/salidas-metro.html?estacion=67&lang=va;"{""coordinates"": [-0.5359194275246981, 39.561832427267376], ""type"": ""Point""}";39.561832427267376, -0.5359194275246981
165;LA POBLA DE VALLBONA;1;68;198;https://geoportal.valencia.es/geoportal-services/api/v1/salidas-metro.html?estacion=68&lang=es;https://geoportal.valencia.es/geoportal-services/api/v1/salidas-metro.html?estacion=68&lang=va;"{""coordinates"": [-0.5622777935409613, 39.58276367059588], ""type"": ""Point""}";39.58276367059588, -0.5622777935409613
171;LA PRESA;9;184;204;https://geoportal.valencia.es/geoportal-services/api/v1/salidas-metro.html?estacion=184&lang=es;https://geoportal.valencia.es/geoportal-services/api/v1/salidas-metro.html?estacion=184&lang=va;"{""coordinates"": [-0.5158333184334809, 39.51722335691722], ""type"": ""Point""}";39.51722335691722, -0.5158333184334809
179;AEROPORT;3,5;121;212;https://geoportal.valencia.es/geoportal-services/api/v1/salidas-metro.html?estacion=121&lang=es;https://geoportal.valencia.es/geoportal-services/api/v1/salidas-metro.html?estacion=121&lang=va;"{""coordinates"": [-0.4749194379568777, 39.492366789986896], ""type"": ""Point""}";39.492366789986896, -0.4749194379568777
24;Á. GIMERÁ;1,3,5,9;17;1;https://geoportal.valencia.es/geoportal-services/api/v1/salidas-metro.html?estacion=17&lang=es;https://geoportal.valencia.es/geoportal-services/api/v1/salidas-metro.html?estacion=17&lang=va;"{""coordinates"": [-0.3852036608650541, 39.47071595518594], ""type"": ""Point""}";39.47071595518594, -0.3852036608650541
7;AMISTAT;5,7;23;10;https://geoportal.valencia.es/geoportal-services/api/v1/salidas-metro.html?estacion=23&lang=es;https://geoportal.valencia.es/geoportal-services/api/v1/salidas-metro.html?estacion=23&lang=va;"{""coordinates"": [-0.349805618906167, 39.470149409805245], ""type"": ""Point""}";39.470149409805245, -0.349805618906167
18;AYORA;5,7;22;23;https://geoportal.valencia.es/geoportal-services/api/v1/salidas-metro.html?estacion=22&lang=es;https://geoportal.valencia.es/geoportal-services/api/v1/salidas-metro.html?estacion=22&lang=va;"{""coordinates"": [-0.3428973365125572, 39.466316530656464], ""type"": ""Point""}";39.466316530656464, -0.3428973365125572
65;PATRAIX;1,3,7;26;86;https://geoportal.valencia.es/geoportal-services/api/v1/salidas-metro.html?estacion=26&lang=es;https://geoportal.valencia.es/geoportal-services/api/v1/salidas-metro.html?estacion=26&lang=va;"{""coordinates"": [-0.39050544918856134, 39.45604416765922], ""type"": ""Point""}";39.45604416765922, -0.39050544918856134
77;EMPALME-2;1,4;55;46;https://geoportal.valencia.es/geoportal-services/api/v1/salidas-metro.html?estacion=55&lang=es;https://geoportal.valencia.es/geoportal-services/api/v1/salidas-metro.html?estacion=55&lang=va;"{""coordinates"": [-0.4035140642371054, 39.500591229889515], ""type"": ""Point""}";39.500591229889515, -0.4035140642371054
2;ALAMEDA;3,5,7,9;14;6;https://geoportal.valencia.es/geoportal-services/api/v1/salidas-metro.html?estacion=14&lang=es;https://geoportal.valencia.es/geoportal-services/api/v1/salidas-metro.html?estacion=14&lang=va;"{""coordinates"": [-0.36549713547643425, 39.47363752703317], ""type"": ""Point""}";39.47363752703317, -0.36549713547643425
127;SEMINARI - CEU;1;78;160;https://geoportal.valencia.es/geoportal-services/api/v1/salidas-metro.html?estacion=78&lang=es;https://geoportal.valencia.es/geoportal-services/api/v1/salidas-metro.html?estacion=78&lang=va;"{""coordinates"": [-0.38974443064379294, 39.54998779211858], ""type"": ""Point""}";39.54998779211858, -0.38974443064379294
151;CANTERER�A;1;56;184;https://geoportal.valencia.es/geoportal-services/api/v1/salidas-metro.html?estacion=56&lang=es;https://geoportal.valencia.es/geoportal-services/api/v1/salidas-metro.html?estacion=56&lang=va;"{""coordinates"": [-0.41207221163652963, 39.50238037049734], ""type"": ""Point""}";39.50238037049734, -0.41207221163652963
164;TORRE DEL VIRREY;1;201;197;https://geoportal.valencia.es/geoportal-services/api/v1/salidas-metro.html?estacion=201&lang=es;https://geoportal.valencia.es/geoportal-services/api/v1/salidas-metro.html?estacion=201&lang=va;"{""coordinates"": [-0.5419166679787194, 39.56866455016901], ""type"": ""Point""}";39.56866455016901, -0.5419166679787194
177;FAITANAR;3,5,9;200;210;https://geoportal.valencia.es/geoportal-services/api/v1/salidas-metro.html?estacion=200&lang=es;https://geoportal.valencia.es/geoportal-services/api/v1/salidas-metro.html?estacion=200&lang=va;"{""coordinates"": [-0.4331833421365398, 39.47761917024598], ""type"": ""Point""}";39.47761917024598, -0.4331833421365398
185;MASSAMAGRELL;3;3;218;https://geoportal.valencia.es/geoportal-services/api/v1/salidas-metro.html?estacion=3&lang=es;https://geoportal.valencia.es/geoportal-services/api/v1/salidas-metro.html?estacion=3&lang=va;"{""coordinates"": [-0.33303332272760633, 39.57056045438263], ""type"": ""Point""}";39.57056045438263, -0.33303332272760633
21;Á. GIMERÁ;1,3,5,9;17;4;https://geoportal.valencia.es/geoportal-services/api/v1/salidas-metro.html?estacion=17&lang=es;https://geoportal.valencia.es/geoportal-services/api/v1/salidas-metro.html?estacion=17&lang=va;"{""coordinates"": [-0.3871584560182915, 39.470091380217056], ""type"": ""Point""}";39.470091380217056, -0.3871584560182915
9;ARAGÓN;5,7;24;16;https://geoportal.valencia.es/geoportal-services/api/v1/salidas-metro.html?estacion=24&lang=es;https://geoportal.valencia.es/geoportal-services/api/v1/salidas-metro.html?estacion=24&lang=va;"{""coordinates"": [-0.3591846517869494, 39.472790507522305], ""type"": ""Point""}";39.472790507522305, -0.3591846517869494
10;ARAGÓN;5,7;24;15;https://geoportal.valencia.es/geoportal-services/api/v1/salidas-metro.html?estacion=24&lang=es;https://geoportal.valencia.es/geoportal-services/api/v1/salidas-metro.html?estacion=24&lang=va;"{""coordinates"": [-0.3579814499039173, 39.47239125504425], ""type"": ""Point""}";39.47239125504425, -0.3579814499039173
16;AV. DEL CID;3,5,9;18;20;https://geoportal.valencia.es/geoportal-services/api/v1/salidas-metro.html?estacion=18&lang=es;https://geoportal.valencia.es/geoportal-services/api/v1/salidas-metro.html?estacion=18&lang=va;"{""coordinates"": [-0.3976238565328081, 39.46854538397739], ""type"": ""Point""}";39.46854538397739, -0.3976238565328081
28;BENIFERRI;1;54;29;https://geoportal.valencia.es/geoportal-services/api/v1/salidas-metro.html?estacion=54&lang=es;https://geoportal.valencia.es/geoportal-services/api/v1/salidas-metro.html?estacion=54&lang=va;"{""coordinates"": [-0.39930619195259487, 39.49099128187269], ""type"": ""Point""}";39.49099128187269, -0.39930619195259487
41;EMPALME;1,4;55;44;https://geoportal.valencia.es/geoportal-services/api/v1/salidas-metro.html?estacion=55&lang=es;https://geoportal.valencia.es/geoportal-services/api/v1/salidas-metro.html?estacion=55&lang=va;"{""coordinates"": [-0.40200290570851543, 39.49940460798291], ""type"": ""Point""}";39.49940460798291, -0.40200290570851543
52;MACHADO;3,9;11;70;https://geoportal.valencia.es/geoportal-services/api/v1/salidas-metro.html?estacion=11&lang=es;https://geoportal.valencia.es/geoportal-services/api/v1/salidas-metro.html?estacion=11&lang=va;"{""coordinates"": [-0.359356718154416, 39.491608501493126], ""type"": ""Point""}";39.491608501493126, -0.359356718154416
56;MISLATA - ALMASSIL;3,5,9;21;76;https://geoportal.valencia.es/geoportal-services/api/v1/salidas-metro.html?estacion=21&lang=es;https://geoportal.valencia.es/geoportal-services/api/v1/salidas-metro.html?estacion=21&lang=va;"{""coordinates"": [-0.4219307021152693, 39.47523066181545], ""type"": ""Point""}";39.47523066181545, -0.4219307021152693
60;NOU D'OCTUBRE;3,5,9;19;82;https://geoportal.valencia.es/geoportal-services/api/v1/salidas-metro.html?estacion=19&lang=es;https://geoportal.valencia.es/geoportal-services/api/v1/salidas-metro.html?estacion=19&lang=va;"{""coordinates"": [-0.4085908527162219, 39.471073300754476], ""type"": ""Point""}";39.471073300754476, -0.4085908527162219
61;NOU D'OCTUBRE;3,5,9;19;81;https://geoportal.valencia.es/geoportal-services/api/v1/salidas-metro.html?estacion=19&lang=es;https://geoportal.valencia.es/geoportal-services/api/v1/salidas-metro.html?estacion=19&lang=va;"{""coordinates"": [-0.4085069095438804, 39.471250387699975], ""type"": ""Point""}";39.471250387699975, -0.4085069095438804
64;PATRAIX;1,3,7;26;85;https://geoportal.valencia.es/geoportal-services/api/v1/salidas-metro.html?estacion=26&lang=es;https://geoportal.valencia.es/geoportal-services/api/v1/salidas-metro.html?estacion=26&lang=va;"{""coordinates"": [-0.39043208680578856, 39.45670893544153], ""type"": ""Point""}";39.45670893544153, -0.39043208680578856
70;VALENCIA SUD;1,3,7;30;105;https://geoportal.valencia.es/geoportal-services/api/v1/salidas-metro.html?estacion=30&lang=es;https://geoportal.valencia.es/geoportal-services/api/v1/salidas-metro.html?estacion=30&lang=va;"{""coordinates"": [-0.41047879653652686, 39.44146888997365], ""type"": ""Point""}";39.44146888997365, -0.41047879653652686
76;EMPALME;1,4;55;45;https://geoportal.valencia.es/geoportal-services/api/v1/salidas-metro.html?estacion=55&lang=es;https://geoportal.valencia.es/geoportal-services/api/v1/salidas-metro.html?estacion=55&lang=va;"{""coordinates"": [-0.4035140642371054, 39.500591229889515], ""type"": ""Point""}";39.500591229889515, -0.4035140642371054
80;LA GRANJA;4;101;65;https://geoportal.valencia.es/geoportal-services/api/v1/salidas-metro.html?estacion=101&lang=es;https://geoportal.valencia.es/geoportal-services/api/v1/salidas-metro.html?estacion=101&lang=va;"{""coordinates"": [-0.41242457291537643, 39.5040398297922], ""type"": ""Point""}";39.5040398297922, -0.41242457291537643
81;SANT JOAN;4;102;95;https://geoportal.valencia.es/geoportal-services/api/v1/salidas-metro.html?estacion=102&lang=es;https://geoportal.valencia.es/geoportal-services/api/v1/salidas-metro.html?estacion=102&lang=va;"{""coordinates"": [-0.4164173641879562, 39.50537982359686], ""type"": ""Point""}";39.50537982359686, -0.4164173641879562
98;BENICALAP;4;97;131;https://geoportal.valencia.es/geoportal-services/api/v1/salidas-metro.html?estacion=97&lang=es;https://geoportal.valencia.es/geoportal-services/api/v1/salidas-metro.html?estacion=97&lang=va;"{""coordinates"": [-0.3909277916776787, 39.49002837996894], ""type"": ""Point""}";39.49002837996894, -0.3909277916776787
100;FLORISTA;4;99;133;https://geoportal.valencia.es/geoportal-services/api/v1/salidas-metro.html?estacion=99&lang=es;https://geoportal.valencia.es/geoportal-services/api/v1/salidas-metro.html?estacion=99&lang=va;"{""coordinates"": [-0.396816670876175, 39.494434355706126], ""type"": ""Point""}";39.494434355706126, -0.396816670876175
12;ARAGÓN;5,7;24;14;https://geoportal.valencia.es/geoportal-services/api/v1/salidas-metro.html?estacion=24&lang=es;https://geoportal.valencia.es/geoportal-services/api/v1/salidas-metro.html?estacion=24&lang=va;"{""coordinates"": [-0.3576184450363335, 39.472191257952524], ""type"": ""Point""}";39.472191257952524, -0.3576184450363335
13;ARAGÓN;5,7;24;12;https://geoportal.valencia.es/geoportal-services/api/v1/salidas-metro.html?estacion=24&lang=es;https://geoportal.valencia.es/geoportal-services/api/v1/salidas-metro.html?estacion=24&lang=va;"{""coordinates"": [-0.3573379062748095, 39.47268552109829], ""type"": ""Point""}";39.47268552109829, -0.3573379062748095
27;BAILÓN;3,7;109;25;https://geoportal.valencia.es/geoportal-services/api/v1/salidas-metro.html?estacion=109&lang=es;https://geoportal.valencia.es/geoportal-services/api/v1/salidas-metro.html?estacion=109&lang=va;"{""coordinates"": [-0.3793848903835633, 39.463990864720834], ""type"": ""Point""}";39.463990864720834, -0.3793848903835633
39;COLÓN;3,5,7,9;15;42;https://geoportal.valencia.es/geoportal-services/api/v1/salidas-metro.html?estacion=15&lang=es;https://geoportal.valencia.es/geoportal-services/api/v1/salidas-metro.html?estacion=15&lang=va;"{""coordinates"": [-0.37155547149255014, 39.46959132384859], ""type"": ""Point""}";39.46959132384859, -0.37155547149255014
48;JOAQUÍN SOROLLA;1,3,7;25;61;https://geoportal.valencia.es/geoportal-services/api/v1/salidas-metro.html?estacion=25&lang=es;https://geoportal.valencia.es/geoportal-services/api/v1/salidas-metro.html?estacion=25&lang=va;"{""coordinates"": [-0.38471964489236865, 39.45920116494089], ""type"": ""Point""}";39.45920116494089, -0.38471964489236865
69;TÚRIA;1;52;100;https://geoportal.valencia.es/geoportal-services/api/v1/salidas-metro.html?estacion=52&lang=es;https://geoportal.valencia.es/geoportal-services/api/v1/salidas-metro.html?estacion=52&lang=va;"{""coordinates"": [-0.38964010964915374, 39.4773599582275], ""type"": ""Point""}";39.4773599582275, -0.38964010964915374
71;XÀTIVA;3,5,9;16;107;https://geoportal.valencia.es/geoportal-services/api/v1/salidas-metro.html?estacion=16&lang=es;https://geoportal.valencia.es/geoportal-services/api/v1/salidas-metro.html?estacion=16&lang=va;"{""coordinates"": [-0.3759854820376232, 39.46749135269451], ""type"": ""Point""}";39.46749135269451, -0.3759854820376232
87;SERRERÍA;4,6;86;120;https://geoportal.valencia.es/geoportal-services/api/v1/salidas-metro.html?estacion=86&lang=es;https://geoportal.valencia.es/geoportal-services/api/v1/salidas-metro.html?estacion=86&lang=va;"{""coordinates"": [-0.33420276658337256, 39.47659301690454], ""type"": ""Point""}";39.47659301690454, -0.33420276658337256
91;V. ZARAGOZÁ;4,6;90;124;https://geoportal.valencia.es/geoportal-services/api/v1/salidas-metro.html?estacion=90&lang=es;https://geoportal.valencia.es/geoportal-services/api/v1/salidas-metro.html?estacion=90&lang=va;"{""coordinates"": [-0.3579472299464509, 39.483371733833444], ""type"": ""Point""}";39.483371733833444, -0.3579472299464509
106;TOMÁS Y VALIENTE;4;112;139;https://geoportal.valencia.es/geoportal-services/api/v1/salidas-metro.html?estacion=112&lang=es;https://geoportal.valencia.es/geoportal-services/api/v1/salidas-metro.html?estacion=112&lang=va;"{""coordinates"": [-0.42563611268727614, 39.5197715747543], ""type"": ""Point""}";39.5197715747543, -0.42563611268727614
129;S. PSIQUIÀTRIC;1;80;162;https://geoportal.valencia.es/geoportal-services/api/v1/salidas-metro.html?estacion=80&lang=es;https://geoportal.valencia.es/geoportal-services/api/v1/salidas-metro.html?estacion=80&lang=va;"{""coordinates"": [-0.44314444097345107, 39.58193206673295], ""type"": ""Point""}";39.58193206673295, -0.44314444097345107
134;SANT RAMÓN;1;48;167;https://geoportal.valencia.es/geoportal-services/api/v1/salidas-metro.html?estacion=48&lang=es;https://geoportal.valencia.es/geoportal-services/api/v1/salidas-metro.html?estacion=48&lang=va;"{""coordinates"": [-0.46726110567878326, 39.38486480661413], ""type"": ""Point""}";39.38486480661413, -0.46726110567878326
180;ALMÀSSERA;3;8;213;https://geoportal.valencia.es/geoportal-services/api/v1/salidas-metro.html?estacion=8&lang=es;https://geoportal.valencia.es/geoportal-services/api/v1/salidas-metro.html?estacion=8&lang=va;"{""coordinates"": [-0.35426667340684503, 39.51225662131278], ""type"": ""Point""}";39.51225662131278, -0.35426667340684503
30;BENIMACLET;3,4,6,9;12;31;https://geoportal.valencia.es/geoportal-services/api/v1/salidas-metro.html?estacion=12&lang=es;https://geoportal.valencia.es/geoportal-services/api/v1/salidas-metro.html?estacion=12&lang=va;"{""coordinates"": [-0.36261511837298493, 39.48494305587527], ""type"": ""Point""}";39.48494305587527, -0.36261511837298493
33;BENIMACLET;3,4,6,9;12;33;https://geoportal.valencia.es/geoportal-services/api/v1/salidas-metro.html?estacion=12&lang=es;https://geoportal.valencia.es/geoportal-services/api/v1/salidas-metro.html?estacion=12&lang=va;"{""coordinates"": [-0.36198621157011157, 39.484797530239526], ""type"": ""Point""}";39.484797530239526, -0.36198621157011157
42;FACULTATS;3,9;13;48;https://geoportal.valencia.es/geoportal-services/api/v1/salidas-metro.html?estacion=13&lang=es;https://geoportal.valencia.es/geoportal-services/api/v1/salidas-metro.html?estacion=13&lang=va;"{""coordinates"": [-0.36238740636819244, 39.47789125269659], ""type"": ""Point""}";39.47789125269659, -0.36238740636819244
44;FACULTATS;3,9;13;50;https://geoportal.valencia.es/geoportal-services/api/v1/salidas-metro.html?estacion=13&lang=es;https://geoportal.valencia.es/geoportal-services/api/v1/salidas-metro.html?estacion=13&lang=va;"{""coordinates"": [-0.3620694072596213, 39.478591255873816], ""type"": ""Point""}";39.478591255873816, -0.3620694072596213
107;LA COMA;4;111;140;https://geoportal.valencia.es/geoportal-services/api/v1/salidas-metro.html?estacion=111&lang=es;https://geoportal.valencia.es/geoportal-services/api/v1/salidas-metro.html?estacion=111&lang=va;"{""coordinates"": [-0.4317069946077471, 39.52157211171506], ""type"": ""Point""}";39.52157211171506, -0.4317069946077471
110;ESTADI DEL LLEVANT;6;130;143;https://geoportal.valencia.es/geoportal-services/api/v1/salidas-metro.html?estacion=130&lang=es;https://geoportal.valencia.es/geoportal-services/api/v1/salidas-metro.html?estacion=130&lang=va;"{""coordinates"": [-0.3655419941158281, 39.4949188224609], ""type"": ""Point""}";39.4949188224609, -0.3655419941158281
111;SANT MIQUEL DELS REIS;6;131;144;https://geoportal.valencia.es/geoportal-services/api/v1/salidas-metro.html?estacion=131&lang=es;https://geoportal.valencia.es/geoportal-services/api/v1/salidas-metro.html?estacion=131&lang=va;"{""coordinates"": [-0.3684949880476175, 39.497219084567476], ""type"": ""Point""}";39.497219084567476, -0.3684949880476175
116;LES ARENES;4,6;82;149;https://geoportal.valencia.es/geoportal-services/api/v1/salidas-metro.html?estacion=82&lang=es;https://geoportal.valencia.es/geoportal-services/api/v1/salidas-metro.html?estacion=82&lang=va;"{""coordinates"": [-0.3257277902288988, 39.4689292895511], ""type"": ""Point""}";39.4689292895511, -0.3257277902288988
121;BURJASSOT;1;72;154;https://geoportal.valencia.es/geoportal-services/api/v1/salidas-metro.html?estacion=72&lang=es;https://geoportal.valencia.es/geoportal-services/api/v1/salidas-metro.html?estacion=72&lang=va;"{""coordinates"": [-0.40673610578480346, 39.50841522112243], ""type"": ""Point""}";39.50841522112243, -0.40673610578480346
123;GODELLA;1;74;156;https://geoportal.valencia.es/geoportal-services/api/v1/salidas-metro.html?estacion=74&lang=es;https://geoportal.valencia.es/geoportal-services/api/v1/salidas-metro.html?estacion=74&lang=va;"{""coordinates"": [-0.414455563299386, 39.519504546429715], ""type"": ""Point""}";39.519504546429715, -0.414455563299386
124;ROCAFORT;1;75;157;https://geoportal.valencia.es/geoportal-services/api/v1/salidas-metro.html?estacion=75&lang=es;https://geoportal.valencia.es/geoportal-services/api/v1/salidas-metro.html?estacion=75&lang=va;"{""coordinates"": [-0.4075777832181904, 39.52870941065306], ""type"": ""Point""}";39.52870941065306, -0.4075777832181904
125;MASSARROJOS;1;76;158;https://geoportal.valencia.es/geoportal-services/api/v1/salidas-metro.html?estacion=76&lang=es;https://geoportal.valencia.es/geoportal-services/api/v1/salidas-metro.html?estacion=76&lang=va;"{""coordinates"": [-0.40287777731409946, 39.53660964839821], ""type"": ""Point""}";39.53660964839821, -0.40287777731409946
126;MONCADA - ALFARA;1;77;159;https://geoportal.valencia.es/geoportal-services/api/v1/salidas-metro.html?estacion=77&lang=es;https://geoportal.valencia.es/geoportal-services/api/v1/salidas-metro.html?estacion=77&lang=va;"{""coordinates"": [-0.3884611131170159, 39.54352950984976], ""type"": ""Point""}";39.54352950984976, -0.3884611131170159
130;TORRENT;1,3,7;33;163;https://geoportal.valencia.es/geoportal-services/api/v1/salidas-metro.html?estacion=33&lang=es;https://geoportal.valencia.es/geoportal-services/api/v1/salidas-metro.html?estacion=33&lang=va;"{""coordinates"": [-0.46098610739617746, 39.43464660553132], ""type"": ""Point""}";39.43464660553132, -0.46098610739617746
133;PICASSENT;1;47;166;https://geoportal.valencia.es/geoportal-services/api/v1/salidas-metro.html?estacion=47&lang=es;https://geoportal.valencia.es/geoportal-services/api/v1/salidas-metro.html?estacion=47&lang=va;"{""coordinates"": [-0.464858323584329, 39.36303710803507], ""type"": ""Point""}";39.36303710803507, -0.464858323584329
138;ALBERIC;1;36;171;https://geoportal.valencia.es/geoportal-services/api/v1/salidas-metro.html?estacion=36&lang=es;https://geoportal.valencia.es/geoportal-services/api/v1/salidas-metro.html?estacion=36&lang=va;"{""coordinates"": [-0.5213361380670918, 39.1167755114763], ""type"": ""Point""}";39.1167755114763, -0.5213361380670918
140;MONTORTAL;1;38;173;https://geoportal.valencia.es/geoportal-services/api/v1/salidas-metro.html?estacion=38&lang=es;https://geoportal.valencia.es/geoportal-services/api/v1/salidas-metro.html?estacion=38&lang=va;"{""coordinates"": [-0.5158861284066704, 39.17379760654764], ""type"": ""Point""}";39.17379760654764, -0.5158861284066704
145;ALGINET;1;43;178;https://geoportal.valencia.es/geoportal-services/api/v1/salidas-metro.html?estacion=43&lang=es;https://geoportal.valencia.es/geoportal-services/api/v1/salidas-metro.html?estacion=43&lang=va;"{""coordinates"": [-0.47455832415395016, 39.26475524769148], ""type"": ""Point""}";39.26475524769148, -0.47455832415395016
150;TORRENT AVINGUDA;1,3,7;34;183;https://geoportal.valencia.es/geoportal-services/api/v1/salidas-metro.html?estacion=34&lang=es;https://geoportal.valencia.es/geoportal-services/api/v1/salidas-metro.html?estacion=34&lang=va;"{""coordinates"": [-0.4728333355312329, 39.43181228556838], ""type"": ""Point""}";39.43181228556838, -0.4728333355312329
155;PATERNA;1;60;188;https://geoportal.valencia.es/geoportal-services/api/v1/salidas-metro.html?estacion=60&lang=es;https://geoportal.valencia.es/geoportal-services/api/v1/salidas-metro.html?estacion=60&lang=va;"{""coordinates"": [-0.4419719874506259, 39.49880981348664], ""type"": ""Point""}";39.49880981348664, -0.4419719874506259
157;FUENTE DEL JARRO;1;62;190;https://geoportal.valencia.es/geoportal-services/api/v1/salidas-metro.html?estacion=62&lang=es;https://geoportal.valencia.es/geoportal-services/api/v1/salidas-metro.html?estacion=62&lang=va;"{""coordinates"": [-0.46451666966837063, 39.51117324704118], ""type"": ""Point""}";39.51117324704118, -0.46451666966837063
159;LA VALLESA;1;64;192;https://geoportal.valencia.es/geoportal-services/api/v1/salidas-metro.html?estacion=64&lang=es;https://geoportal.valencia.es/geoportal-services/api/v1/salidas-metro.html?estacion=64&lang=va;"{""coordinates"": [-0.49797776306751707, 39.53784179636349], ""type"": ""Point""}";39.53784179636349, -0.49797776306751707
162;MONTESOL;1;66;195;https://geoportal.valencia.es/geoportal-services/api/v1/salidas-metro.html?estacion=66&lang=es;https://geoportal.valencia.es/geoportal-services/api/v1/salidas-metro.html?estacion=66&lang=va;"{""coordinates"": [-0.5316972131179115, 39.55557250877451], ""type"": ""Point""}";39.55557250877451, -0.5316972131179115
166;BENAGUASIL 1R;1;69;199;https://geoportal.valencia.es/geoportal-services/api/v1/salidas-metro.html?estacion=69&lang=es;https://geoportal.valencia.es/geoportal-services/api/v1/salidas-metro.html?estacion=69&lang=va;"{""coordinates"": [-0.5780805353111503, 39.59272384512828], ""type"": ""Point""}";39.59272384512828, -0.5780805353111503
167;BENAGUASIL 2N;1;70;200;https://geoportal.valencia.es/geoportal-services/api/v1/salidas-metro.html?estacion=70&lang=es;https://geoportal.valencia.es/geoportal-services/api/v1/salidas-metro.html?estacion=70&lang=va;"{""coordinates"": [-0.5839277511532002, 39.59888076714581], ""type"": ""Point""}";39.59888076714581, -0.5839277511532002
168;LL�RIA;1;71;201;https://geoportal.valencia.es/geoportal-services/api/v1/salidas-metro.html?estacion=71&lang=es;https://geoportal.valencia.es/geoportal-services/api/v1/salidas-metro.html?estacion=71&lang=va;"{""coordinates"": [-0.5902777914521419, 39.62284088043667], ""type"": ""Point""}";39.62284088043667, -0.5902777914521419
173;ROSAS;3,5,9;120;206;https://geoportal.valencia.es/geoportal-services/api/v1/salidas-metro.html?estacion=120&lang=es;https://geoportal.valencia.es/geoportal-services/api/v1/salidas-metro.html?estacion=120&lang=va;"{""coordinates"": [-0.4672361014917919, 39.492649077197136], ""type"": ""Point""}";39.492649077197136, -0.4672361014917919
53;MACHADO;3,9;11;69;https://geoportal.valencia.es/geoportal-services/api/v1/salidas-metro.html?estacion=11&lang=es;https://geoportal.valencia.es/geoportal-services/api/v1/salidas-metro.html?estacion=11&lang=va;"{""coordinates"": [-0.35857932425341, 39.49279120642025], ""type"": ""Point""}";39.49279120642025, -0.35857932425341
59;NOU D'OCTUBRE;3,5,9;19;80;https://geoportal.valencia.es/geoportal-services/api/v1/salidas-metro.html?estacion=19&lang=es;https://geoportal.valencia.es/geoportal-services/api/v1/salidas-metro.html?estacion=19&lang=va;"{""coordinates"": [-0.40624272779583426, 39.4707196968919], ""type"": ""Point""}";39.4707196968919, -0.40624272779583426
86;MARITIM - SERRERIA;5,6,7,9;115;118;https://geoportal.valencia.es/geoportal-services/api/v1/salidas-metro.html?estacion=115&lang=es;https://geoportal.valencia.es/geoportal-services/api/v1/salidas-metro.html?estacion=115&lang=va;"{""coordinates"": [-0.33772838029594265, 39.46461344177567], ""type"": ""Point""}";39.46461344177567, -0.33772838029594265
72;XÀTIVA;3,5,9;16;109;https://geoportal.valencia.es/geoportal-services/api/v1/salidas-metro.html?estacion=16&lang=es;https://geoportal.valencia.es/geoportal-services/api/v1/salidas-metro.html?estacion=16&lang=va;"{""coordinates"": [-0.3776404255345655, 39.46783056273336], ""type"": ""Point""}";39.46783056273336, -0.3776404255345655
169;RIBA-ROJA DE TÚRIA;9;186;202;https://geoportal.valencia.es/geoportal-services/api/v1/salidas-metro.html?estacion=186&lang=es;https://geoportal.valencia.es/geoportal-services/api/v1/salidas-metro.html?estacion=186&lang=va;"{""coordinates"": [-0.5594444278345464, 39.54333495963937], ""type"": ""Point""}";39.54333495963937, -0.5594444278345464
136;COL.LEGI EL VEDAT;1;50;169;https://geoportal.valencia.es/geoportal-services/api/v1/salidas-metro.html?estacion=50&lang=es;https://geoportal.valencia.es/geoportal-services/api/v1/salidas-metro.html?estacion=50&lang=va;"{""coordinates"": [-0.4606527685775368, 39.42313384880134], ""type"": ""Point""}";39.42313384880134, -0.4606527685775368
104;LA CADENA;4,6;85;137;https://geoportal.valencia.es/geoportal-services/api/v1/salidas-metro.html?estacion=85&lang=es;https://geoportal.valencia.es/geoportal-services/api/v1/salidas-metro.html?estacion=85&lang=va;"{""coordinates"": [-0.32937499853480573, 39.47520446718421], ""type"": ""Point""}";39.47520446718421, -0.32937499853480573
158;LA CANYADA;1;63;191;https://geoportal.valencia.es/geoportal-services/api/v1/salidas-metro.html?estacion=63&lang=es;https://geoportal.valencia.es/geoportal-services/api/v1/salidas-metro.html?estacion=63&lang=va;"{""coordinates"": [-0.48712220767554665, 39.52680587694177], ""type"": ""Point""}";39.52680587694177, -0.48712220767554665
172;LA COVA;9;183;205;https://geoportal.valencia.es/geoportal-services/api/v1/salidas-metro.html?estacion=183&lang=es;https://geoportal.valencia.es/geoportal-services/api/v1/salidas-metro.html?estacion=183&lang=va;"{""coordinates"": [-0.48444443884154675, 39.498889921850775], ""type"": ""Point""}";39.498889921850775, -0.48444443884154675
